{
  "id": "a96506e6-7640-443d-b331-32b0e3b4d46d",
  "name": "Markdown Note System",
  "created_at": "2025-02-11T21:32:35.269628",
  "updated_at": "2025-02-11T23:43:54.229719",
  "notes": [
    {
      "id": "db051707-1ac0-463a-a169-bec78ff1db7f",
      "title": "Markdown Note System API 文档",
      "created_at": "2025-02-11T22:50:25.731800",
      "updated_at": "2025-02-11T23:23:55.313075",
      "hash": "56dc241a9ee0fdce92e439dd671986a35c7408a4fbd443ac6af6195592fa4b70"
    },
    {
      "id": "7dcb8f8f-3dcb-40e3-8553-dcc6280f8893",
      "title": "Markdown Note System 设计文档",
      "created_at": "2025-02-11T21:12:54.827455",
      "updated_at": "2025-02-11T22:54:49.697296",
      "hash": "a17b2c1d49f185459f58050df8305e1643f79fded95e9783ce518c7d88f35f5e"
    },
    {
      "id": "8e3ef854-38b3-43d4-ad5d-9890c6fbb4b4",
      "title": "Markdown Note System 项目设计原理",
      "created_at": "2025-02-11T21:05:24.060377",
      "updated_at": "2025-02-11T23:43:54.229684",
      "hash": "f07d83e676391a5572ab06c0fedab1c922aa30b71a4d48e152019b11d5d650d2"
    }
  ],
  "images": []
}